,venue,count
0,physica a: statistical mechanics and its applications,96
1,ieee access,83
2,international journal of environmental research and public health,68
3,vaccine,65
4,plos one,58
5,computers in human behavior,44
6,expert systems with applications,39
7,journal of medical internet research,37
8,procedia computer science,35
9,information processing & management,35
10,social science & medicine,28
11,profesional de la informacion,26
12,personality and individual differences,25
13,information sciences,25
14,international journal of disaster risk reduction,23
15,frontiers in public health,23
16,security and communication networks,23
17,revista latina de comunicacion social,22
18,public relations review,22
19,vaccines,21
20,frontiers in psychology,21
21,journal of applied research in memory and cognition,21
22,digital journalism,21
23,future internet,20
24,knowledge-based systems,19
25,publications,19
26,health communication,19
27,heliyon,18
28,social media + society,18
29,journalism practice,18
30,children and youth services review,17
31,complexity,17
32,new media and society,17
33,journalism,17
34,media and communication,16
35,applied cognitive psychology,16
36,memory,15
37,historia y comunicacion social,15
38,feminist media studies,15
39,proceedings of the national academy of sciences of the united states of america,15
40,applied soft computing,14
41,applied sciences-basel,14
42,new media & society,14
43,sensors,13
44,computers & security,13
45,journal of adolescent health,13
46,patient education and counseling,12
47,journal of african media studies,12
48,acta psychologica,12
49,acm transactions on asian and low-resource language information processing,12
50,technology in society,12
51,information communication & society,11
52,online social networks and media,11
53,preventive medicine,11
54,societies,11
55,contraception,11
56,information,11
57,procedia - social and behavioral sciences,11
58,new scientist,11
59,peerj computer science,11
60,proceedings of the acm on human-computer interaction,10
61,international journal of advanced computer science and applications,10
62,discrete dynamics in nature and society,10
63,ieee internet computing,10
64,human vaccines and immunotherapeutics,10
65,international journal of information management,10
66,ieee transactions on computational social systems,10
67,science,10
68,journal of adolescence,10
69,journal of intelligent and fuzzy systems,10
70,multimedia tools and applications,10
71,telematics and informatics,10
72,journal of language and politics,10
73,information (switzerland),9
74,neurocomputing,9
75,applied mathematics and computation,9
76,soft computing,9
77,american journal of public health,9
78,journal of the association for information science and technology,9
79,international journal of modern physics c,9
80,journal of network and computer applications,9
81,chinese physics b,9
82,government information quarterly,9
83,concurrency and computation: practice and experience,9
84,ksii transactions on internet and information systems,9
85,journal of information science,9
86,frontiers in communication,9
87,atmospheric environment,9
88,american behavioral scientist,9
89,jmir formative research,8
90,international journal of medical informatics,8
91,journal of affective disorders,8
92,data and information management,8
93,public understanding of science,8
94,journal of cleaner production,8
95,science of the total environment,8
96,vivat academia,8
97,journalism studies,8
98,data,8
99,journal of memory and language,8
100,electoral studies,8
101,bmj open,8
102,social media and society,8
103,social network analysis and mining,8
104,journal of management information systems,8
105,science communication,8
106,future generation computer systems-the international journal of escience,8
107,bmj global health,7
108,internet research,7
109,jmir public health and surveillance,7
110,journal of statistical physics,7
111,online information review,7
112,ieee transactions on information forensics and security,7
113,current opinion in psychology,7
114,it professional,7
115,computer communications,7
116,applied sciences (switzerland),7
117,the bmj,7
118,women's health issues,7
119,bulletin of the atomic scientists,7
120,computational intelligence and neuroscience,7
121,communication and society,7
122,electronics (switzerland),7
123,materials today: proceedings,7
124,journal of intelligent & fuzzy systems,7
125,revista espanola de comunicacion en salud,7
126,journal of experimental child psychology,6
127,physical review e,6
128,acm transactions on the web,6
129,"journal of information, communication and ethics in society",6
130,atmospheric chemistry and physics,6
131,epilepsy & behavior,6
132,the journal of academic librarianship,6
133,journal of cognitive psychology,6
134,revista mediterranea comunicacion-journal of communication,6
135,sustainability (switzerland),6
136,african journalism studies,6
137,communications in nonlinear science and numerical simulation,6
138,communications of the acm,6
139,ieee transactions on network science and engineering,6
140,journal of computer security,6
141,javnost-the public,6
142,cadernos de letras da uff,6
143,american journal of health promotion,6
144,journal of law and the biosciences,6
145,entropy,6
146,international journal of cyber warfare and terrorism,6
147,political geography,6
148,brazilian journalism research,6
149,journal of infection and public health,6
150,international journal of security and its applications,6
151,international journal of drug policy,6
152,journal of experimental psychology-applied,6
153,scientific programming,6
154,american journal of infection control,6
155,ieee transactions on knowledge and data engineering,6
156,european management journal,5
157,cmc-computers materials & continua,5
158,technological forecasting and social change,5
159,behavioral sciences,5
160,journal of parallel and distributed computing,5
161,library & information science research,5
162,memory & cognition,5
163,journal of the american pharmacists association,5
164,jama network open,5
165,acm computing surveys,5
166,comunicacion y hombre,5
167,chaos solitons & fractals,5
168,revista de comunicacion-peru,5
169,international journal of intelligent systems,5
170,social science computer review,5
171,international journal of cultural studies,5
172,psychiatry research,5
173,american journal of preventive medicine,5
174,the lancet infectious diseases,5
175,computers & education,5
176,information fusion,5
177,vaccine: x,5
178,acm journal of data and information quality,5
179,public health in practice,5
180,logic journal of the igpl,5
181,health policy and technology,5
182,advances in difference equations,5
183,cybernetics and systems,5
184,universitas-revista de ciencias sociales y humanas,5
185,the journal for nurse practitioners,5
186,scm studies in communication and media,5
187,journal of information and knowledge management,5
188,mathematical biosciences and engineering,5
189,diabetes & metabolic syndrome: clinical research & reviews,5
190,ifac-papersonline,5
191,food control,5
192,communicatio-south african journal for communication theory and research,5
193,journal of pediatric nursing,5
194,online journal of communication and media technologies,5
195,disaster medicine and public health preparedness,5
196,royal society open science,5
197,journal of business research,5
198,child abuse & neglect,5
199,journal of digital media and policy,5
200,annals of the american academy of political and social science,5
201,journal of experimental psychology-general,5
202,sustainability,5
203,midwifery,4
204,big data & society,4
205,epl,4
206,ocean & coastal management,4
207,american journal of obstetrics and gynecology,4
208,psychology crime & law,4
209,international journal of infectious diseases,4
210,cyberpsychology behavior and social networking,4
211,preventive medicine reports,4
212,public health,4
213,world wide web-internet and web information systems,4
214,current psychology,4
215,geophysical prospecting,4
216,communication research,4
217,clinical epidemiology and global health,4
218,research in social and administrative pharmacy,4
219,future generation computer systems,4
220,pattern recognition letters,4
221,geophysics,4
222,symmetry-basel,4
223,neurobiology of learning and memory,4
224,preventive veterinary medicine,4
225,frontiers in physics,4
226,sociological forum,4
227,human vaccines & immunotherapeutics,4
228,food policy,4
229,science advances,4
230,political communication,4
231,annals of medicine and surgery,4
232,urology,4
233,social sciences & humanities open,4
234,journal of retailing and consumer services,4
235,behavioral sciences & the law,4
236,scientific reports,4
237,"chaos, solitons & fractals",4
238,lingua,4
239,ciencia florestal,4
240,journal of migration and health,4
241,health policy,4
242,nurse leader,4
243,health security,4
244,asian journal of psychiatry,4
245,energy research & social science,4
246,energy policy,4
247,appetite,4
248,revista icono 14-revista cientifica de comunicacion y tecnologias,4
249,health education research,4
250,media education-mediaobrazovanie,4
251,chemosphere,4
252,library hi tech,4
253,"cyberpsychology, behavior, and social networking",4
254,ieee transactions on circuits and systems for video technology,4
255,acm transactions on information systems,4
256,information security journal,4
257,"ieee transactions on systems, man, and cybernetics: systems",4
258,ieee spectrum,4
259,global knowledge memory and communication,4
260,communication & society-spain,4
261,journal of education and health promotion,4
262,reference services review,4
263,computer,4
264,first monday,4
265,social sciences-basel,4
266,cosmopolitan civil societies,4
267,journal of contingencies and crisis management,4
268,internet policy review,4
269,journal of digital media & policy,4
270,electronic library,4
271,international affairs,4
272,public opinion quarterly,4
273,medijske studije-media studies,4
274,electronics,4
275,neural computing & applications,4
276,ieee systems journal,4
277,international journal of information security,4
278,international journal of communication systems,4
279,journal of documentation,4
280,adcomunica-revista cientifica de estrategias tendencias e innovacion en communicacion,4
281,chinese journal of electronics,4
282,wireless personal communications,4
283,turkish journal of electrical engineering and computer sciences,4
284,journal of database management,4
285,humanities & social sciences communications,4
286,international journal of computational intelligence systems,4
287,desidoc journal of library & information technology,4
288,communications in theoretical physics,4
289,ieee transactions on dependable and secure computing,4
290,cosmopolitan civil societies-an interdisciplinary journal,4
291,reliability engineering & system safety,4
292,versus-quaderni di studi semiotici,4
293,fisheries science,4
294,fisheries research,4
295,revista cidob d afers internationals,4
296,complex & intelligent systems,4
297,journal of health communication,4
298,computer journal,4
299,journal of media ethics: exploring questions of media morality,4
300,journal of information & optimization sciences,4
301,healthcare (switzerland),4
302,health promotion international,4
303,clinical and experimental dermatology,4
304,international history review,4
305,comunicar,4
306,jmir research protocols,4
307,embo reports,4
308,theoretical and practical issues of journalism,4
309,international journal of press/politics,4
310,american journal of tropical medicine and hygiene,4
311,international economic review,4
312,journal of social history,4
313,"media, culture and society",4
314,intelligent automation and soft computing,4
315,journal of environmental sciences,4
316,ices journal of marine science,4
317,mass communication and society,4
318,international journal of intelligence and counterintelligence,4
319,ieee transactions on neural networks and learning systems,4
320,international review of financial analysis,4
321,journalism and mass communication quarterly,4
322,cuadernos info,4
323,psychological reports,4
324,intelligence and national security,4
325,new england journal of medicine,4
326,kybernetes,4
327,chemical geology,3
328,journal of ambient intelligence and humanized computing,3
329,journal of universal computer science,3
330,digital investigation,3
331,petroleum geoscience,3
332,integrative medicine research,3
333,acm transactions on intelligent systems and technology,3
334,global media and china,3
335,theoretical computer science,3
336,journal of pediatric and adolescent gynecology,3
337,ieee transactions on multimedia,3
338,journal of organizational computing and electronic commerce,3
339,journal of modern european history,3
340,computers & electrical engineering,3
341,journal of statistical mechanics-theory and experiment,3
342,mathematics,3
343,cancer,3
344,combinatorics probability & computing,3
345,journal of taibah university medical sciences,3
346,proceedings of the vldb endowment,3
347,jmir medical informatics,3
348,international journal of information technology & decision making,3
349,information & management,3
350,information processing letters,3
351,journal of king saud university-computer and information sciences,3
352,journal of business and technical communication,3
353,journal of environmental psychology,3
354,decision analysis,3
355,european journal of communication,3
356,quarterly journal of experimental psychology,3
357,peer-to-peer networking and applications,3
358,information systems,3
359,atmosphere,3
360,journal of computational science,3
361,international journal of biological macromolecules,3
362,journal of communication,3
363,journal of management education,3
364,concurrency and computation-practice & experience,3
365,religions,3
366,ultramicroscopy,3
367,islam and christian-muslim relations,3
368,annales geophysicae,3
369,chemistry-a european journal,3
370,european journal of scandinavian studies,3
371,eclinicalmedicine,3
372,behaviour & information technology,3
373,computers & operations research,3
374,world neurosurgery,3
375,canadian journal of fisheries and aquatic sciences,3
376,information systems frontiers,3
377,veterinary record,3
378,journal of systems and software,3
379,social analysis,3
380,engineering applications of artificial intelligence,3
381,journal of computer science and technology,3
382,acm transactions on internet technology,3
383,discrete and continuous dynamical systems-series b,3
384,ieee transactions on big data,3
385,applied intelligence,3
386,cognition,3
387,software-practice & experience,3
388,cognitive processing,3
389,pattern analysis and applications,3
390,communication culture & critique,3
391,journal of supercomputing,3
392,networks and heterogeneous media,3
393,computer networks,3
394,ieee sensors journal,3
395,cognitive research-principles and implications,3
396,social and personality psychology compass,3
397,asian survey,3
398,hau-journal of ethnographic theory,3
399,european journal of cultural studies,3
400,folklore (estonia),3
401,frontiers in political science,3
402,revista estudos institucionais-journal of institutional studies,3
403,postmodern openings,3
404,convergence-the international journal of research into new media technologies,3
405,journal of cosmetic dermatology,3
406,journal of product and brand management,3
407,information technology and people,3
408,journal of pragmatics,3
409,journal of the national medical association,3
410,communication review,3
411,"election law journal: rules, politics, and policy",3
412,ajil unbound,3
413,journal of information processing systems,3
414,nutrients,3
415,revista de comunicacion de la seeci,3
416,journal of advanced military studies,3
417,vestnik tomskogo gosudarstvennogo universiteta filologiya-tomsk state university journal of philology,3
418,journal of applied communication research,3
419,symmetry,3
420,information communication and society,3
421,media international australia,3
422,the extractive industries and society,3
423,howard journal of communications,3
424,pan african medical journal,3
425,journal of experimental psychology: applied,3
426,social psychological and personality science,3
427,international journal of e-politics,3
428,tourism management,3
429,"computers, materials and continua",3
430,procesamiento del lenguaje natural,3
431,palabra clave,3
432,alexandria engineering journal,3
433,journal of computer-mediated communication,3
434,journal of experimental psychology: general,3
435,faseb journal : official publication of the federation of american societies for experimental biology,3
436,global health promotion,3
437,group processes & intergroup relations,3
438,cultura y educacion,3
439,communications in information literacy,3
440,frontiers in medicine,3
441,physical review research,3
442,big data and cognitive computing,3
443,clinical infectious diseases : an official publication of the infectious diseases society of america,3
444,catalan journal of communication & cultural studies,3
445,world development,3
446,international journal of hospitality management,3
447,journal of arab and muslim media research,3
448,public relations inquiry,3
449,mayo clinic proceedings,3
450,estudios sobre el mensaje periodistico,3
451,encontros bibli-revista eletronica de biblioteconomia e ciencia da informacao,3
452,em questao,3
453,knowledge and information systems,3
454,the journal of emergency medicine,3
455,international review of the red cross,3
456,doxa comunicacion,3
457,atoz-novas praticas em informacao e conhecimento,3
458,journal of media ethics,3
459,journal of international criminal justice,3
460,women and birth,3
461,clinical microbiology and infection,3
462,inquiry-an interdisciplinary journal of philosophy,3
463,entrepalavras,3
464,current problems in diagnostic radiology,3
465,the electricity journal,3
466,cities,3
467,journal of police and criminal psychology,3
468,international journal of psychophysiology,3
469,annals of internal medicine,3
470,geoforum,3
471,decision support systems,3
472,nursing outlook,3
473,international journal of electrical and computer engineering,3
474,frontiers in digital health,3
475,epj data science,3
476,"brain, behavior, & immunity - health",3
477,internet interventions,3
478,journal of geophysical research: space physics,3
479,aerosol and air quality research,3
480,global crime,2
481,libri,2
482,wireless communications and mobile computing,2
483,iet networks,2
484,swiss political science review,2
485,somatechnics,2
486,journal of information security and applications,2
487,brazilian archives of biology and technology,2
488,discourse and society,2
489,policy and internet,2
490,inquiry (united kingdom),2
491,machine learning,2
492,bulletin of electrical engineering and informatics,2
493,spinal cord,2
494,traitement du signal,2
495,world medical and health policy,2
496,recent advances in computer science and communications,2
497,jisuanji yanjiu yu fazhan/computer research and development,2
498,journal of marketing research,2
499,malaysian orthopaedic journal,2
500,southern medical journal,2
501,ieee transactions on cybernetics,2
502,international journal of retail and distribution management,2
503,information technology and control,2
504,systems,2
505,international journal of distributed sensor networks,2
506,computational intelligence,2
507,international journal of pharmaceutics,2
508,desidoc journal of library and information technology,2
509,journal of applied journalism and media studies,2
510,journal of common market studies,2
511,environmental pollution,2
512,data mining and knowledge discovery,2
513,musculoskeletal science and practice,2
514,journal of strategic studies,2
515,journal of empirical legal studies,2
516,journal of children and media,2
517,globalizations,2
518,global health science and practice,2
519,medicine,2
520,health promotion perspectives,2
521,mobile information systems,2
522,global health-science and practice,2
523,international communication gazette,2
524,siam journal on applied dynamical systems,2
525,journal of vascular access,2
526,iaes international journal of artificial intelligence,2
527,earth system science data,2
528,evolution and human behavior,2
529,"communication, culture and critique",2
530,journal of marketing management,2
531,journal of statistical mechanics: theory and experiment,2
532,connections,2
533,ieee multimedia,2
534,journal of disaster research,2
535,journal of medieval history,2
536,proceedings of the association for information science and technology,2
537,phytotaxa,2
538,aapg bulletin,2
539,expert opinion on therapeutic patents,2
540,journal of information technology & politics,2
541,journal of logic and computation,2
542,mathematical problems in engineering,2
543,folklore-electronic journal of folklore,2
544,journal of public health-heidelberg,2
545,asia pacific journal of anthropology,2
546,periodicals of engineering and natural sciences,2
547,journal of borderlands studies,2
548,frontiers in psychiatry,2
549,infectious disease reports,2
550,artificial intelligence review,2
551,journal of computers,2
552,journal of public health (united kingdom),2
553,ieice transactions on communications,2
554,modern physics letters b,2
555,journal of physics: complexity,2
556,journal of communication inquiry,2
557,"science, technology and society",2
558,journal of polytechnic-politeknik dergisi,2
559,international journal of machine learning and cybernetics,2
560,international journal of web information systems,2
561,open forum infectious diseases,2
562,health promotion practice,2
563,ingenierie des systemes d'information,2
564,international journal of pervasive computing and communications,2
565,ieee-acm transactions on networking,2
566,journal of internet services and applications,2
567,bmj (clinical research ed. ),2
568,international journal of information security and privacy,2
569,substance use and misuse,2
570,international journal of electronic security and digital forensics,2
571,electronic commerce research and applications,2
572,journal of the chinese institute of engineers,2
573,open public health journal,2
574,annals of medicine,2
575,personality and social psychology bulletin,2
576,computer systems science and engineering,2
577,discrete and continuous dynamical systems - series b,2
578,journal of information & knowledge management,2
579,ieee latin america transactions,2
580,perspectives on politics,2
581,journal of information technology and politics,2
582,safety,2
583,the lancet,2
584,research in autism spectrum disorders,2
585,seismological research letters,2
586,the journal of arthroplasty,2
587,journal of behavioral and experimental finance,2
588,progress in disaster science,2
589,journal of the american college of radiology,2
590,"computers, environment and urban systems",2
591,trends in food science & technology,2
592,women's studies international forum,2
593,the american journal of medicine,2
594,transplantation proceedings,2
595,journal of psychosomatic research,2
596,procedia technology,2
597,archives of psychiatric nursing,2
598,journal of behavior therapy and experimental psychiatry,2
599,transplantation,2
600,learning and instruction,2
601,applied nursing research,2
602,journal of the geological society,2
603,journal of fish biology,2
604,frontiers in genetics,2
605,journal of east asian studies,2
606,journal of building engineering,2
607,international journal of gynecology & obstetrics,2
608,indian journal of fisheries,2
609,global discourse,2
610,sage open,2
611,fisheries oceanography,2
612,applied soil ecology,2
613,computers in human behavior reports,2
614,acta materialia,2
615,contemporary educational psychology,2
616,progress in cardiovascular diseases,2
617,central european journal of communication,2
618,scientific african,2
619,addictive behaviors,2
620,international journal of information management data insights,2
621,learning and motivation,2
622,"journal of obstetric, gynecologic & neonatal nursing",2
623,chest,2
624,"international journal of law, crime and justice",2
625,ssm - population health,2
626,journal of economic behavior & organization,2
627,sexual medicine reviews,2
628,procedia cirp,2
629,journal of health economics,2
630,academic pediatrics,2
631,journal of professional nursing,2
632,computers in biology and medicine,2
633,european journal of obstetrics & gynecology and reproductive biology,2
634,academic radiology,2
635,industrial marketing management,2
636,transfusion and apheresis science,2
637,"ethics, medicine and public health",2
638,journal of substance abuse treatment,2
639,journal of volcanology and geothermal research,2
640,the journal of allergy and clinical immunology: in practice,2
641,indian journal of tuberculosis,2
642,geriatric nursing,2
643,clinical neurology and neurosurgery,2
644,current opinion in immunology,2
645,one health,2
646,the spine journal,2
647,wilderness & environmental medicine,2
648,stem cell reports,2
649,european journal of paediatric neurology,2
650,developmental review,2
651,ssm - qualitative research in health,2
652,socio-economic planning sciences,2
653,basin research,2
654,"philosophical transactions of the royal society a: mathematical, physical and engineering sciences",2
655,journal of language aggression and conflict,2
656,skandinavskaya filologiya,2
657,television & new media,2
658,risk analysis,2
659,"church, communication and culture",2
660,revista de comunicacion,2
661,democratization,2
662,digital health,2
663,pacific journalism review,2
664,historical studies in the natural sciences,2
665,information and learning science,2
666,games and culture,2
667,omics a journal of integrative biology,2
668,"global knowledge, memory and communication",2
669,north american journal of fisheries management,2
670,journal of affective disorders reports,2
671,journal of nanoparticle research,2
672,computer law & security review,2
673,middle east journal of culture and communication,2
674,cooperation and conflict,2
675,corpora,2
676,journal of librarianship and information science,2
677,russian literature,2
678,brain sciences,2
679,fuel,2
680,ieee consumer electronics magazine,2
681,journal of personality and social psychology,2
682,obstetrics and gynecology,2
683,jmir mhealth and uhealth,2
684,journal of clinical investigation,2
685,journal of organic chemistry,2
686,internet histories,2
687,journal of multinational financial management,2
688,omega,2
689,the social science journal,2
690,geological quarterly,2
691,extrapolation,2
692,journal of experimental social psychology,2
693,lwt-food science and technology,2
694,safety science,2
695,the north american journal of economics and finance,2
696,transport policy,2
697,acta dermato-venereologica,2
698,acta de investigación psicológica,2
699,research in international business and finance,2
700,computers & chemical engineering,2
701,language & communication,2
702,journal of scandinavian cinema,2
703,vestnik tomskogo gosudarstvennogo universiteta-filosofiya-sotsiologiya-politologiya-tomsk state university journal of philosophy sociology and political science,2
704,journal of antitrust enforcement,2
705,journal of gaming and virtual worlds,2
706,journal of environmental radioactivity,2
707,journal of aging studies,2
708,mountain research and development,2
709,journal of banking & finance,2
710,powder technology,2
711,the quarterly review of economics and finance,2
712,land use policy,2
713,geophysical research letters,2
714,international journal of nursing sciences,2
715,information society,2
716,european economic review,2
717,international journal of automotive and mechanical engineering,2
718,deep-sea research part ii-topical studies in oceanography,2
719,journal of pediatric health care,2
720,pathogens,2
721,ratio juris,2
722,revista de estudos da linguagem,2
723,jurnal komunikasi-malaysian journal of communication,2
724,current psychiatry research and reviews,2
725,data in brief,2
726,mathematical methods in the applied sciences,2
727,siam journal on discrete mathematics,2
728,cureus journal of medical science,2
729,european journal of operational research,2
730,clinical journal of oncology nursing,2
731,makara hubs-asia,2
732,information & communications technology law,2
733,cognitive development,2
734,communication teacher,2
735,revista panamericana de salud publica-pan american journal of public health,2
736,sn applied sciences,2
737,international arab journal of information technology,2
738,saude e sociedade,2
739,documentacion de las ciencias de la informacion,2
740,ciencia & saude coletiva,2
741,portal-libraries and the academy,2
742,business horizons,2
743,emotion,2
744,problemy zarzadzania-management issues,2
745,asian journal of communication,2
746,hts teologiese studies-theological studies,2
747,international journal of public opinion research,2
748,revista da escola de enfermagem da usp,2
749,british journal of psychology,2
750,angelaki-journal of the theoretical humanities,2
751,bundesgesundheitsblatt-gesundheitsforschung-gesundheitsschutz,2
752,ieee transactions on network and service management,2
753,south african journal of international affairs-sajia,2
754,efsa journal,2
755,historical research,2
756,journal of broadcasting & electronic media,2
757,tsinghua science and technology,2
758,discourse & society,2
759,journal of experimental & theoretical artificial intelligence,2
760,discrete applied mathematics,2
761,revista da associacao medica brasileira,2
762,studia universitatis vasile goldis arad seria stiinte economice,2
763,aims mathematics,2
764,bmc research notes,2
765,textual practice,2
766,public integrity,2
767,acta physica sinica,2
768,psychological science,2
769,nature,2
770,barataria-revista castellano-manchega de ciencias sociales,2
771,psychology and aging,2
772,european journal of international law,2
773,journal of experimental political science,2
774,contemporary politics,2
775,inquiry-the journal of health care organization provision and financing,2
776,american journal of clinical pathology,2
777,psychology of popular media,2
778,international journal of asian business and information management,2
779,legal and criminological psychology,2
780,american politics research,2
781,culture health & sexuality,2
782,jurnal cita hukum-indonesian law journal,2
783,journal of experimental psychology-learning memory and cognition,2
784,third world quarterly,2
785,journal of combinatorial optimization,2
786,ethnos,2
787,telecommunications policy,2
788,wireless communications & mobile computing,2
789,communication law and policy,2
790,experimental aging research,2
791,journal of forensic psychiatry & psychology,2
792,october,2
793,journal of the australian library and information association,2
794,social cognition,2
795,review of european and comparative law,2
796,personal and ubiquitous computing,2
797,journal of academic librarianship,2
798,telos-revista interdisciplinaria en ciencias sociales,2
799,amazonia investiga,2
800,social epistemology,2
801,journal of the american medical informatics association,2
802,economic modelling,2
803,journal of industrial and management optimization,2
804,information economics and policy,2
805,critique of anthropology,2
806,scientific and technical information processing,2
807,healthcare,2
808,distributed computing,2
809,new review of hypermedia and multimedia,2
810,journal of cold war studies,2
811,journal of mathematical analysis and applications,2
812,revista geintec-gestao inovacao e tecnologias,2
813,chiropractic & manual therapies,2
814,aslib journal of information management,2
815,bibliothek forschung und praxis,2
816,sustainable cities and society,2
817,security and human rights,2
818,journal of information policy,2
819,australasian psychiatry,2
820,tobacco induced diseases,2
821,applied network science,2
822,economic record,2
823,analisi-quaderns de comunicacio i cultura,2
824,journal of complex networks,2
825,cureus,2
826,migraciones,2
827,ai & society,2
828,discourse & communication,2
829,artnodes,2
830,multiple sclerosis and related disorders,2
831,algorithmica,2
832,regulation and governance,1
833,current opinion in psychiatry,1
834,on the horizon,1
835,annals of saudi medicine,1
836,international journal of press-politics,1
837,international journal of intelligent computing and cybernetics,1
838,european politics and society,1
839,international political science review,1
840,cambridge review of international affairs,1
841,research in science and technological education,1
842,chinese journal of communication,1
843,catalan journal of communication and cultural studies,1
844,explorations in media ecology,1
845,ieee control systems,1
846,designs,1
847,health promotion and chronic disease prevention in canada,1
848,european journal of preventive cardiology,1
849,frontiers in artificial intelligence and applications,1
850,journal of developing societies,1
851,qualitative inquiry,1
852,global perspectives,1
853,obra digital-revista de comunicacion,1
854,ieee control systems letters,1
855,international journal of sociology and social policy,1
856,european journal of clinical investigation,1
857,bulletin of the polish academy of sciences: technical sciences,1
858,european security,1
859,indian journal of marketing,1
860,clinical cancer research,1
861,political research quarterly,1
862,journal of aapos,1
863,ethik in der medizin,1
864,cic-cuadernos de informacion y comunicacion,1
865,mezinarodni vztahy-czech journal of international relations,1
866,journal of liberty and international affairs,1
867,informatics-basel,1
868,tribunes de la sante,1
869,mobile media and communication,1
870,modern intellectual history,1
871,journal of oral rehabilitation,1
872,religion & education,1
873,international journal of business analytics,1
874,journal of experimental psychology: learning memory and cognition,1
875,investigacion bibliotecologica,1
876,health education journal,1
877,clinical and translational science,1
878,astrobiology,1
879,canadian journal of dietetic practice and research : a publication of dietitians of canada = revue canadienne de la pratique et de la recherche en dietetique : une publication des dietetistes du canada,1
880,sexually transmitted diseases,1
881,international journal of evaluation and research in education,1
882,journal of clinical pharmacology,1
883,signa-revista de la asociacion espanola de semiotica,1
884,computation,1
885,urvio-revista latinoamericana de estudios de seguridad,1
886,journal of risk research,1
887,aem education and training,1
888,frontiers in human neuroscience,1
889,international studies quarterly,1
890,rhetoric review,1
891,british journal of social psychology,1
892,administration and society,1
893,ecumenica-performance and religion,1
894,procesamiento de lenguaje natural,1
895,harold pinter review-essays on contemporary drama,1
896,electronic journal of general medicine,1
897,human behavior and emerging technologies,1
898,"studia universitatis vasile goldis arad, economics series",1
899,worldviews on evidence-based nursing,1
900,journal of the royal statistical society. series b: statistical methodology,1
901,critical studies on security,1
902,microbiology spectrum,1
903,journal of media literacy education,1
904,revista romaneasca pentru educatie multidimensionala,1
905,bid-textos universitaris de biblioteconomia i documentacio,1
906,china report,1
907,expert systems,1
908,journal of information technology,1
909,international journal of advances in soft computing and its applications,1
910,polis-politicheskiye issledovaniya,1
911,gesundheitswesen,1
912,international journal of biological sciences,1
913,"transforming government: people, process and policy",1
914,"acm transactions on multimedia computing, communications and applications",1
915,russian journal of mathematical physics,1
916,group processes and intergroup relations,1
917,international organization,1
918,elife,1
919,recenti progressi in medicina,1
920,zbornik veleucilista u rijeci-journal of the polytechnics of rijeka,1
921,canadian journal of public health-revue canadienne de sante publique,1
922,"problemy sotsial'noi gigieny, zdravookhraneniia i istorii meditsiny",1
923,journal of economic studies,1
924,ieee transactions on automatic control,1
925,philosophies,1
926,historical journal,1
927,acta orientalia academiae scientiarum hungaricae,1
928,"accounting, auditing and accountability journal",1
929,romanian journal of communication and public relations,1
930,revista ibero-americana de ciencia da informacao,1
931,plant direct,1
932,medicina (lithuania),1
933,open information science,1
934,journal of nepal medical association,1
935,frontiers in artificial intelligence,1
936,ecnu review of education,1
937,international journal of data and network science,1
938,libri-international journal of libraries and information studies,1
939,baghdad science journal,1
940,jcms-journal of common market studies,1
941,journal of systems and information technology,1
942,information discovery and delivery,1
943,south african journal of psychiatry,1
944,giornale italiano di farmacia clinica,1
945,journal of information communication & ethics in society,1
946,nationalities papers,1
947,social work with groups,1
948,jama - journal of the american medical association,1
949,journal of telecommunications and the digital economy,1
950,journal of media psychology,1
951,canadian pharmacists journal,1
952,"african journal of science, technology, innovation and development",1
953,facets,1
954,journal of north african studies,1
955,journal of the pediatric infectious diseases society,1
956,metode science studies journal,1
957,contemporary europe-sovremennaya evropa,1
958,environmental communication-a journal of nature and culture,1
959,medijske studije,1
960,plos biology,1
961,interface-comunicacao saude educacao,1
962,journal of human rights practice,1
963,sotsiologicheskie issledovaniya,1
964,information and communications technology law,1
965,cultura lenguaje y representacion-revista de estudios culturales de la universitat jaume i,1
966,european foreign affairs review,1
967,tripodos,1
968,journal of biological education,1
969,journal of cardiovascular electrophysiology,1
970,text matters-a journal of literature theory and culture,1
971,acta psychiatrica scandinavica,1
972,journal of the association for consumer research,1
973,journal of the royal asiatic society,1
974,frontiers in education,1
975,rusin,1
976,texto livre,1
977,journalism and mass communication educator,1
978,international information and library review,1
979,international journal of applied psychoanalytic studies,1
980,informatics,1
981,american journalism,1
982,analisi,1
983,comunicacion y medios,1
984,studies in media and communication,1
985,etd educacao tematica digital,1
986,"emotion, space and society",1
987,international journal of clinical and health psychology,1
988,data & knowledge engineering,1
989,the veterinary journal,1
990,journal of contemporary drama in english,1
991,australasian journal of information systems,1
992,optik,1
993,european review of applied psychology,1
994,international health,1
995,communication quarterly,1
996,journal of hospitality and tourism management,1
997,anaesthesiology intensive therapy,1
998,biologicals,1
999,communitas,1
1000,journal of school psychology,1
1001,politics groups and identities,1
1002,studies in communication sciences,1
1003,cognitive systems research,1
1004,visual informatics,1
1005,"journal of international financial markets, institutions and money",1
1006,european journal of oncology nursing,1
1007,newborn and infant nursing reviews,1
1008,journal of web semantics,1
1009,journal of king saud university - computer and information sciences,1
1010,communications-european journal of communication research,1
1011,forest policy and economics,1
1012,experimental neurology,1
1013,tourism management perspectives,1
1014,environment international,1
1015,reproductive health matters,1
1016,thinking & reasoning,1
1017,energy strategy reviews,1
1018,journal of applied probability,1
1019,technovation,1
1020,futures,1
1021,journal of the japanese and international economies,1
1022,environmental research,1
1023,transportation research procedia,1
1024,journal of ethnopharmacology,1
1025,the journal of strategic information systems,1
1026,journal of financial intermediation,1
1027,education for chemical engineers,1
1028,psicología educativa,1
1029,media culture & society,1
1030,social psychology,1
1031,value in health regional issues,1
1032,f&s reports,1
1033,teaching and teacher education,1
1034,dynamics of asymmetric conflict: pathways toward terrorism and genocide,1
1035,journal of the association of nurses in aids care,1
1036,seizure,1
1037,computer methods and programs in biomedicine,1
1038,journal of islamic marketing,1
1039,trends in neuroscience and education,1
1040,informacios tarsadalom,1
1041,trends in cognitive sciences,1
1042,arthroscopy: the journal of arthroscopic & related surgery,1
1043,international journal of modern physics b,1
1044,trends in neurosciences,1
1045,journal of safety research,1
1046,ecological economics,1
1047,survey of ophthalmology,1
1048,ricerche di storia politica,1
1049,journal of rural studies,1
1050,journal of obstetrics and gynaecology canada,1
1051,consciousness and cognition,1
1052,disability and health journal,1
1053,surgery,1
1054,health & place,1
1055,forum-a journal of applied research in contemporary politics,1
1056,journal of the academy of nutrition and dietetics,1
1057,brain and cognition,1
1058,environmental challenges,1
1059,development engineering,1
1060,theriogenology,1
1061,medical journal armed forces india,1
1062,journal of infection,1
1063,journal of informetrics,1
1064,intelligence,1
1065,research in globalization,1
1066,clinics in dermatology,1
1067,microbes and infection,1
1068,the lancet digital health,1
1069,acm transactions on multimedia computing communications and applications,1
1070,iscience,1
1071,sexual medicine,1
1072,seminars in perinatology,1
1073,osteoarthritis and cartilage open,1
1074,global environmental change-human and policy dimensions,1
1075,computers and composition,1
1076,journal of hand surgery global online,1
1077,f&s reviews,1
1078,revista latinoamericana de tecnologia educativa-relatec,1
1079,biological psychology,1
1080,the lancet regional health - americas,1
1081,annals of tourism research,1
1082,digital communications and networks,1
1083,review of socionetwork strategies,1
1084,the lancet microbe,1
1085,operations research and decisions,1
1086,vestnik moskovskogo universiteta. seriya 10. zhurnalistika,1
1087,ciencia e saude coletiva,1
1088,jamba: journal of disaster risk studies,1
1089,sexologies,1
1090,javnost,1
1091,visual communication,1
1092,international journal of data science and analytics,1
1093,child and adolescent mental health,1
1094,computacion y sistemas,1
1095,environmental research communications,1
1096,mcn the american journal of maternal/child nursing,1
1097,paginas de educacion,1
1098,interactions,1
1099,animals,1
1100,multimodal technologies and interaction,1
1101,tydskrif vir geesteswetenskappe,1
1102,journal for the study of the historical jesus,1
1103,journal of information and telecommunication,1
1104,quaestio iuris,1
1105,psychology & marketing,1
1106,clinical and experimental ophthalmology,1
1107,jurnal komunikasi: malaysian journal of communication,1
1108,journal of iberian and latin american research,1
1109,international journal of health services,1
1110,ethics and behavior,1
1111,irish political studies,1
1112,new review of academic librarianship,1
1113,orbit (london),1
1114,phi delta kappan,1
1115,perspectives on psychological science,1
1116,kotuitui,1
1117,international journal of eating disorders,1
1118,australian journal of international affairs,1
1119,journal of healthcare engineering,1
1120,area abierta,1
1121,studies in health technology and informatics,1
1122,clinical journal of the american society of nephrology,1
1123,western journal of emergency medicine,1
1124,open theology,1
1125,american journal of health behavior,1
1126,communication and critical/ cultural studies,1
1127,sri lanka journal of child health,1
1128,evolutionary anthropology,1
1129,journal of artificial intelligence research,1
1130,moral philosophy and politics,1
1131,party politics,1
1132,wiley interdisciplinary reviews: data mining and knowledge discovery,1
1133,sexual & reproductive healthcare,1
1134,china journal of accounting research,1
1135,"chaos, solitons & fractals: x",1
1136,intelligent systems with applications,1
1137,safety and health at work,1
1138,simulation modelling practice and theory,1
1139,mobilities,1
1140,discrete mathematics,1
1141,enfermería clínica,1
1142,mathematical and computer modelling,1
1143,chinese journal of physics,1
1144,information and organization,1
1145,applied mathematics letters,1
1146,british journal of anaesthesia,1
1147,international journal of educational development,1
1148,journal of consumer marketing,1
1149,human resource management review,1
1150,international journal of law and psychiatry,1
1151,renewable energy focus,1
1152,endocrine practice,1
1153,éthique & santé,1
1154,clinical simulation in nursing,1
1155,drug and alcohol dependence,1
1156,journal of medical virology,1
1157,tumour virus research,1
1158,pediatric infectious disease journal,1
1159,philosophy and social criticism,1
1160,nasn school nurse (print),1
1161,turkish librarianship,1
1162,engineering technology & applied science research,1
1163,annales de dermatologie et de vénéréologie,1
1164,journal of gynecology obstetrics and human reproduction,1
1165,anales de antropología,1
1166,mental health & prevention,1
1167,"neurology, psychiatry and brain research",1
1168,enfermería clínica (english edition),1
1169,environmental impact assessment review,1
1170,engineering failure analysis,1
1171,acta tropica,1
1172,microchemical journal,1
1173,journal of theoretical biology,1
1174,journal of economic dynamics and control,1
1175,journal of cereal science,1
1176,asia pacific management review,1
1177,studies in history and philosophy of science part a,1
1178,revista de investigacoes constitucionais-journal of constitutional research,1
1179,jcom-journal of science communication,1
1180,strategies for policy in science and education-strategii na obrazovatelnata i nauchnata politika,1
1181,physical review x,1
1182,hts teologiese studies / theological studies,1
1183,arbor-ciencia pensamiento y cultura,1
1184,floresta,1
1185,celebrity studies,1
1186,"theory, culture and society",1
1187,botany letters,1
1188,russian journal of communication,1
1189,communication education,1
1190,kinetic and related models,1
1191,social psychology and society,1
1192,interdisciplinaria,1
1193,russian journal of linguistics,1
1194,advances in parallel computing,1
1195,acta haematologica polonica,1
1196,f1000research,1
1197,communication and sport,1
1198,australasian journal of dermatology,1
1199,international journal of safety and security engineering,1
1200,fish and fisheries,1
1201,southern communication journal,1
1202,physics of plasmas,1
1203,studies in indian politics,1
1204,jati-journal of southeast asian studies,1
1205,journal of critical reviews,1
1206,applied optics,1
1207,american business law journal,1
1208,current opinion in infectious diseases,1
1209,terrorism and political violence,1
1210,journal of creativity in mental health,1
1211,journal of business strategy,1
1212,ieee transactions on emerging topics in computing,1
1213,sensors and materials,1
1214,communication research and practice,1
1215,california law review,1
1216,international journal of energy production and management,1
1217,cyberpsychology-journal of psychosocial research on cyberspace,1
1218,international journal of performance arts and digital media,1
1219,palliative medicine,1
1220,continuum,1
1221,nuclear fusion,1
1222,communication sciences and disorders,1
1223,leisure sciences,1
1224,botanical sciences,1
1225,biodiversitas,1
1226,portal,1
1227,journal of applied philosophy,1
1228,baltic journal of european studies,1
1229,american journal of physical medicine and rehabilitation,1
1230,journal of legal affairs and dispute resolution in engineering and construction,1
1231,german law journal,1
1232,journal for immunotherapy of cancer,1
1233,social movement studies,1
1234,ieee transactions on power delivery,1
1235,gastroenterology and hepatology from bed to bench,1
1236,international journal of cloud applications and computing,1
1237,elementa,1
1238,transactions on emerging telecommunications technologies,1
1239,international journal of performability engineering,1
1240,ieee internet of things journal,1
1241,ieee transactions on circuits and systems i: regular papers,1
1242,international journal of web-based learning and teaching technologies,1
1243,international journal on semantic web and information systems,1
1244,environmental science and technology,1
1245,revista de estudios en seguridad internacional-resi,1
1246,journal of oncology pharmacy practice,1
1247,physical review letters,1
1248,human factors and ergonomics in manufacturing,1
1249,militargeschichtliche zeitschrift,1
1250,journal of the american medical informatics association : jamia,1
1251,international journal of quantum information,1
1252,anz journal of surgery,1
1253,politicke vedy,1
1254,epilepsia open,1
1255,international review of sociology-revue internationale de sociologie,1
1256,galaxies,1
1257,iraqi journal of science,1
1258,huanjing kexue/environmental science,1
1259,jmir serious games,1
1260,european journal of sustainable development,1
1261,aggressive behavior,1
1262,microorganisms,1
1263,global biogeochemical cycles,1
1264,acta cardiologica,1
1265,american journal of roentgenology,1
1266,journal of discrete mathematical sciences and cryptography,1
1267,wseas transactions on systems and control,1
1268,journal of computer science,1
1269,international journal of information technology and decision making,1
1270,european heart journal - case reports,1
1271,international journal of intelligent engineering and systems,1
1272,ieee transactions on industrial informatics,1
1273,international journal of environmental health research,1
1274,ieee journal of selected topics in applied earth observations and remote sensing,1
1275,international journal of nanomedicine,1
1276,journal of research on technology in education,1
1277,international journal of computers and applications,1
1278,eai endorsed transactions on energy web,1
1279,pacific asia journal of the association for information systems,1
1280,"operative neurosurgery (hagerstown, md. )",1
1281,heart surgery forum,1
1282,human factors,1
1283,economic anthropology,1
1284,current issues in tourism,1
1285,journal of geophysical research: biogeosciences,1
1286,clinical infectious diseases,1
1287,psychology and law,1
1288,political studies review,1
1289,american journal of family therapy,1
1290,global public health,1
1291,journal of public relations research,1
1292,ifla journal-international federation of library associations,1
1293,journal of international political theory,1
1294,international theory,1
1295,media war and conflict,1
1296,social semiotics,1
1297,politics,1
1298,british food journal,1
1299,international journal of public leadership,1
1300,geopolitics,1
1301,media psychology,1
1302,british journal of management,1
1303,social science journal,1
1304,democracy & security,1
1305,political psychology,1
1306,world medical & health policy,1
1307,operations research,1
1308,brno studies in english,1
1309,pedagogy culture and society,1
1310,chemkon,1
1311,r and d management,1
1312,information technology & people,1
1313,critical discourse studies,1
1314,journal of vibration and control,1
1315,erkenntnis,1
1316,journal of creative communications,1
1317,big data,1
1318,sociological methods & research,1
1319,law culture and the humanities,1
1320,media history,1
1321,environmental sociology,1
1322,ethnography,1
1323,jnci-journal of the national cancer institute,1
1324,digital scholarship in the humanities,1
1325,philosophical psychology,1
1326,journal of health psychology,1
1327,computational and mathematical organization theory,1
1328,international journal of public administration,1
1329,european journal of criminology,1
1330,political behavior,1
1331,journal of youth studies,1
1332,international quarterly of community health education,1
1333,mind & language,1
1334,journal of applied security research,1
1335,social and environmental accountability journal,1
1336,global economic review,1
1337,middle east critique,1
1338,ecological monographs,1
1339,prooftexts - journal of jewish literature history,1
1340,ieee geoscience and remote sensing letters,1
1341,american political science review,1
1342,journal of travel research,1
1343,dissent,1
1344,tourism recreation research,1
1345,organization studies,1
1346,journal of environmental policy and planning,1
1347,journal of chemical and engineering data,1
1348,conexao-comunicacao e cultura,1
1349,canadian journal of economics,1
1350,turkish online journal of distance education,1
1351,international journal of digital television,1
1352,revista colombiana de psicologia,1
1353,perspectives on global development and technology,1
1354,petroleum geology conference proceedings,1
1355,pragmatics,1
1356,intersections east european journal of society and politics,1
1357,idp-internet law and politics,1
1358,angelaki - journal of the theoretical humanities,1
1359,"language, speech, and hearing services in schools",1
1360,maastricht journal of european and comparative law,1
1361,management decision,1
1362,molecular ecology,1
1363,environmental microbiology reports,1
1364,bmj (online),1
1365,"international journal of mining, reclamation and environment",1
1366,television and new media,1
1367,annals of botany,1
1368,journal of competition law and economics,1
1369,international journal of web based communities,1
1370,ecological applications,1
1371,journal of intelligence studies in business,1
1372,antitrust bulletin,1
1373,journal of geophysical research,1
1374,interpretation,1
1375,american journal of education,1
1376,intercultural pragmatics,1
1377,sedimentology,1
1378,sociological studies of children and youth,1
1379,journal of glaciology,1
1380,revista espanola de documentacion cientifica,1
1381,progress in physical geography,1
1382,zootaxa,1
1383,"international journal for crime, justice and social democracy",1
1384,expert review of hematology,1
1385,mediterranean journal of hematology and infectious diseases,1
1386,"british journal of psychology (london, england : 1953)",1
1387,physical review a,1
1388,international journal of aerospace psychology,1
1389,epidemiology,1
1390,astronomical journal,1
1391,journal of communication in healthcare,1
1392,catholic social science review,1
1393,international journal of urology,1
1394,archivio italiano di urologia e andrologia,1
1395,journal of child health care,1
1396,law and social inquiry-journal of the american bar foundation,1
1397,jmir aging,1
1398,dental and medical problems,1
1399,journal of internal medicine,1
1400,journal of sensory studies,1
1401,sante publique,1
1402,journal of consumer health on the internet,1
1403,journal of interdisciplinary economics,1
1404,"clinical, cosmetic and investigational dermatology",1
1405,australian and new zealand journal of public health,1
1406,annals of cardiothoracic surgery,1
1407,asia pacific journal of health management,1
1408,journal of nursing management,1
1409,journal of sex and marital therapy,1
1410,african health sciences,1
1411,matraga-estudos linguisticos e literario,1
1412,medicine and pharmacy reports,1
1413,british journal of health psychology,1
1414,big data and society,1
1415,journal of public health and development,1
1416,profilakticheskaya meditsina,1
1417,ethnicity and health,1
1418,renaissance studies,1
1419,journal of early modern history,1
1420,journal of personalized medicine,1
1421,hospital pharmacy,1
1422,bulletin of the world health organization,1
1423,proceedings of the royal society b: biological sciences,1
1424,infection and drug resistance,1
1425,health education,1
1426,journal of korean medical science,1
1427,population medicine,1
1428,substance abuse,1
1429,jmir medical education,1
1430,behavioral sciences and the law,1
1431,journal of multidisciplinary healthcare,1
1432,journal of the medical library association,1
1433,medical reference services quarterly,1
1434,canadian journal of psychiatry,1
1435,aims public health,1
1436,ezikov svyat,1
1437,brazilian journal of cardiovascular surgery,1
1438,partecipazione e conflitto,1
1439,advances in physiology education,1
1440,excli journal,1
1441,ps - political science and politics,1
1442,otolaryngology - head and neck surgery (united states),1
1443,current opinion in pediatrics,1
1444,ecology and evolution,1
1445,journal of primary care and community health,1
1446,national journal of community medicine,1
1447,american journal of men's health,1
1448,best practice & research clinical rheumatology,1
1449,journal of palliative care,1
1450,journal of dental research,1
1451,annals of behavioral medicine,1
1452,"acta paediatrica, international journal of paediatrics",1
1453,nutrition and dietetics,1
1454,insights-the uksg journal,1
1455,dermatologic surgery,1
1456,pediatrics,1
1457,american psychologist,1
1458,rsc advances,1
1459,health policy and planning,1
1460,political studies,1
1461,navus-revista de gestao e tecnologia,1
1462,international journal of health planning and management,1
1463,nursing ethics,1
1464,public health reports,1
1465,journal of feline medicine and surgery,1
1466,journal of palestine studies,1
1467,current opinion in hiv and aids,1
1468,international journal of dermatology,1
1469,frontiers in oncology,1
1470,international journal of psychology,1
1471,andrologia,1
1472,journal of the european academy of dermatology and venereology,1
1473,discourse and communication,1
1474,respirology,1
1475,european journal of public health,1
1476,eastern mediterranean health journal,1
1477,therapeutic advances in drug safety,1
1478,transactions of the association for computational linguistics,1
1479,frontiers in veterinary science,1
1480,bangladesh journal of medical science,1
1481,transfusion,1
1482,laryngoscope,1
1483,journal of community psychology,1
1484,ifla journal,1
1485,reidocrea-revista eectronica de investigacion y docencia creativa,1
1486,electronic news,1
1487,journal of global security studies,1
1488,pharmacoepidemiology and drug safety,1
1489,journal of psychopharmacology,1
1490,haemophilia,1
1491,comprehensive reviews in food science and food safety,1
1492,international journal of electronic government research,1
1493,environmental values,1
1494,addiction,1
1495,"annals of the academy of medicine, singapore",1
1496,scientific visualization,1
1497,journal of occupational health,1
1498,shagi/ steps,1
1499,biomedicine (india),1
1500,sociologica,1
1501,processes,1
1502,ieee/acm transactions on networking,1
1503,acm transactions on management information systems,1
1504,canadian historical review,1
1505,international journal of current research and review,1
1506,journal of islamic thought and civilization,1
1507,applied artificial intelligence,1
1508,policing (oxford),1
1509,comparative political studies,1
1510,discrete and continuous dynamical systems- series a,1
1511,fortschritte der neurologie psychiatrie,1
1512,revista cientifica general jose maria cordova,1
1513,gerontologist,1
1514,indian journal of public health,1
1515,frontiers in sociology,1
1516,humor,1
1517,sociedade e cultura,1
1518,pertanika journal of social science and humanities,1
1519,jurnal ilmu sosial dan ilmu politik,1
1520,european financial management,1
1521,universal journal of accounting and finance,1
1522,organization management journal,1
1523,ieee transactions on intelligent transportation systems,1
1524,jbjs case connector,1
1525,archives of disease in childhood,1
1526,ieee journal on selected areas in communications,1
1527,acta biomedica,1
1528,recent patents on engineering,1
1529,genome biology and evolution,1
1530,world's poultry science journal,1
1531,journal of islamic accounting and business research,1
1532,african journal of primary health care and family medicine,1
1533,ieee transactions on engineering management,1
1534,international journal of women's health,1
1535,revista espanola de orientacion y psicopedagogia,1
1536,proceedings of the pakistan academy of sciences: part b,1
1537,revista internacional de relaciones publicas,1
1538,journal of experimental biology and agricultural sciences,1
1539,algorithmic finance,1
1540,slavery and abolition,1
1541,archives of suicide research,1
1542,mediators of inflammation,1
1543,"international journal of intelligence, security, and public affairs",1
1544,men and masculinities,1
1545,journal of patient safety,1
1546,ethnicities,1
1547,trames-journal of the humanities and social sciences,1
1548,international journal of mathematical education in science and technology,1
1549,journal of simulation,1
1550,global intellectual history,1
1551,ethnopolitics,1
1552,seventeenth century,1
1553,international journal of heritage studies,1
1554,research ethics,1
1555,international journal of management science and engineering management,1
1556,pathogens and global health,1
1557,ieee/acm transactions on audio speech and language processing,1
1558,current hiv research,1
1559,studies in conflict and terrorism,1
1560,data technologies and applications,1
1561,"psychology, society and education",1
1562,contemporary voice of dalit,1
1563,collegium antropologicum,1
1564,zhonghua lao dong wei sheng zhi ye bing za zhi = zhonghua laodong weisheng zhiyebing zazhi = chinese journal of industrial hygiene and occupational diseases,1
1565,neurology,1
1566,journal of gender-based violence,1
1567,cochrane database of systematic reviews,1
1568,ipri journal,1
1569,twentieth century british history,1
1570,utrecht law review,1
1571,revue d'intelligence artificielle,1
1572,journal of child language,1
1573,revista general de informacion y documentacion,1
1574,journal of politics,1
1575,"discrete mathematics, algorithms and applications",1
1576,transinformacao,1
1577,current women's health reviews,1
1578,fonseca-journal of communication,1
1579,international journal of contemporary hospitality management,1
1580,frontiers in sustainable food systems,1
1581,journal of urban history,1
1582,cultural sociology,1
1583,medical journal of dr.  d. y.  patil vidyapeeth,1
1584,elektrotechnik und informationstechnik,1
1585,journal of family medicine and primary care,1
1586,journal of education and community health,1
1587,psychiatrike = psychiatriki,1
1588,corporate communications,1
1589,rural history,1
1590,education for information,1
1591,revista del cuerpo medico hospital nacional almanzor aguinaga asenjo,1
1592,ieee transactions on fuzzy systems,1
1593,regional science policy and practice,1
1594,addictive disorders and their treatment,1
1595,international journal of health sciences,1
1596,current opinion in food science,1
1597,american biology teacher,1
1598,european journal of information systems,1
1599,international journal of software science and computational intelligence-ijssci,1
1600,library quarterly,1
1601,science china-earth sciences,1
1602,biological invasions,1
1603,science & education,1
1604,ieee transactions on communications,1
1605,international journal of business data communications and networking,1
1606,parasitology international,1
1607,korean journal of chemical engineering,1
1608,production and operations management,1
1609,transactions in gis,1
1610,carbohydrate polymers,1
1611,circulo de linguistica aplicada a la comunicacion,1
1612,international journal on artificial intelligence tools,1
1613,brain structure & function,1
1614,eurasip journal on information security,1
1615,molecular simulation,1
1616,neurogenetics,1
1617,cuadernos de literatura,1
1618,journal of cybersecurity,1
1619,biochimica et biophysica acta-molecular cell research,1
1620,communications biology,1
1621,journal of ultrasound in medicine,1
1622,australasian medical journal,1
1623,information-wissenschaft und praxis,1
1624,bmc medical imaging,1
1625,applied computing review,1
1626,publishing research quarterly,1
1627,ieee network,1
1628,language sciences,1
1629,acm transactions on privacy and security,1
1630,atmospheric research,1
1631,symposium-a quarterly journal in modern literatures,1
1632,medical image analysis,1
1633,program-electronic library and information systems,1
1634,journal of internet technology,1
1635,ieice transactions on information and systems,1
1636,journal of general psychology,1
1637,international journal of mental health and addiction,1
1638,iet software,1
1639,bioscience biotechnology research communications,1
1640,hydrological sciences journal-journal des sciences hydrologiques,1
1641,theory culture & society,1
1642,seizure-european journal of epilepsy,1
1643,wiley interdisciplinary reviews-data mining and knowledge discovery,1
1644,computer graphics forum,1
1645,methods in ecology and evolution,1
1646,polymer journal,1
1647,omics-a journal of integrative biology,1
1648,international journal of web and grid services,1
1649,developmental psychology,1
1650,canadian journal of economics-revue canadienne d economique,1
1651,international journal of network management,1
1652,academic pathology,1
1653,representations,1
1654,acm transactions on knowledge discovery from data,1
1655,social development,1
1656,security and privacy,1
1657,deviant behavior,1
1658,journal of mathematics and computer science-jmcs,1
1659,south east asia research,1
1660,international journal of online marketing,1
1661,russian psychological journal,1
1662,annals of telecommunications,1
1663,computers & mathematics with applications,1
1664,journal of information technology research,1
1665,fractals-complex geometry patterns and scaling in nature and society,1
1666,international journal of information retrieval research,1
1667,yuksekogretim dergisi,1
1668,journal of manufacturing technology management,1
1669,journal of computational and applied mathematics,1
1670,cluster computing-the journal of networks software tools and applications,1
1671,electronics and communications in japan,1
1672,empirical software engineering,1
1673,natural language engineering,1
1674,biosensors & bioelectronics,1
1675,journal of discrete mathematical sciences & cryptography,1
1676,optics express,1
1677,journal of elections public opinion and parties,1
1678,environmental science and pollution research,1
1679,international journal of multimedia data engineering & management,1
1680,ieee journal of biomedical and health informatics,1
1681,journal of human values,1
1682,journal of forensic psychology research and practice,1
1683,science and engineering ethics,1
1684,journal of scholarly publishing,1
1685,education in the knowledge society,1
1686,journal of consumer psychology,1
1687,design issues,1
1688,gigascience,1
1689,international journal of swarm intelligence research,1
1690,engineering journal-thailand,1
1691,journal of magnetic resonance,1
1692,sociology of health & illness,1
1693,scientific world journal,1
1694,behavior research methods,1
1695,neurology india,1
1696,neural networks,1
1697,theater,1
1698,multimedia systems,1
1699,ain shams engineering journal,1
1700,temida,1
1701,studies in american humor,1
1702,law & policy,1
1703,nippon suisan gakkaishi,1
1704,journal of applied developmental psychology,1
1705,radiation protection dosimetry,1
1706,bulletin of marine science,1
1707,jama cardiology,1
1708,journal of osteopathic medicine,1
1709,international journal of sport communication,1
1710,marine ecology progress series,1
1711,environmental management,1
1712,pediatric dermatology,1
1713,industrial and corporate change,1
1714,zoologichesky zhurnal,1
1715,discourse context & media,1
1716,teknokultura: revista de cultura digital y movimientos sociales,1
1717,canadian journal of neurological sciences,1
1718,film-philosophy,1
1719,psychonomic bulletin & review,1
1720,child development,1
1721,archive of applied mechanics,1
1722,emerging infectious diseases,1
1723,journal of gender studies,1
1724,revista humanidades,1
1725,microscopy research and technique,1
1726,international journal of fashion studies,1
1727,rivista italiana di filosofia del linguaggio,1
1728,journal of international humanitarian legal studies,1
1729,lake and reservoir management,1
1730,recent patents on anti-cancer drug discovery,1
1731,european countryside,1
1732,tourism planning & development,1
1733,international journal of lexicography,1
1734,biodiversity and conservation,1
1735,university of pennsylvania law review,1
1736,psychological research-psychologische forschung,1
1737,schizophrenia bulletin,1
1738,administration in social work,1
1739,communication sciences and disorders-csd,1
1740,world journal of hepatology,1
1741,iic-international review of intellectual property and competition law,1
1742,world journal of orthopedics,1
1743,westminster papers in communication & culture,1
1744,african affairs,1
1745,network science,1
1746,neuroimage,1
1747,journal of sound and vibration,1
1748,journal of the association for information systems,1
1749,cognition technology & work,1
1750,journal of pediatric neurosciences,1
1751,chinese physics letters,1
1752,multivariate behavioral research,1
1753,current rheumatology reports,1
1754,nuclear medicine and molecular imaging,1
1755,sustainable computing-informatics & systems,1
1756,nature reviews urology,1
1757,journal of intelligent systems,1
1758,nar genomics and bioinformatics,1
1759,international journal of childbirth,1
1760,journal of the royal society interface,1
1761,annals of pharmacotherapy,1
1762,jama internal medicine,1
1763,episteme-a journal of individual and social epistemology,1
1764,journal of pharmaceutical sciences,1
1765,international journal of ad hoc and ubiquitous computing,1
1766,international journal of computational science and engineering,1
1767,energies,1
1768,mobile networks & applications,1
1769,electrochimica acta,1
1770,therapeutic innovation & regulatory science,1
1771,vine journal of information and knowledge management systems,1
1772,science china-information sciences,1
1773,hormones and behavior,1
1774,revista la propiedad inmaterial,1
1775,journal of agricultural and applied economics,1
1776,journal of the polynesian society,1
1777,boletin de la asociacion de geografos espanoles,1
1778,proceedings of the institution of mechanical engineers part c-journal of mechanical engineering science,1
1779,applied mathematical modelling,1
1780,critical studies in media communication,1
1781,journal of grid computing,1
1782,international relations,1
1783,university of toronto quarterly,1
1784,revista argentina de ciencias del comportamiento,1
1785,respiratory medicine,1
1786,ilef dergisi,1
1787,gland surgery,1
1788,jama-journal of the american medical association,1
1789,internet mathematics,1
1790,journal of petroleum science and engineering,1
1791,ferroelectrics,1
1792,applications of mathematics,1
1793,journal of nonverbal behavior,1
1794,reactive & functional polymers,1
1795,journal of intelligent material systems and structures,1
1796,journal of biomedical optics,1
1797,journal of spinal cord medicine,1
1798,journal of organizational and end user computing,1
1799,asia-pacific journal of public health,1
1800,international journal of inclusive education,1
1801,sociological research online,1
1802,nature communications,1
1803,international journal of foundations of computer science,1
1804,environmental modelling & software,1
1805,information research-an international electronic journal,1
1806,performance evaluation,1
1807,journal of war & culture studies,1
1808,advances in human-computer interaction,1
1809,italian studies,1
1810,computer standards & interfaces,1
1811,german studies review,1
1812,journal of dynamical systems and geometric theories,1
1813,frontiers of history in china,1
1814,contemporary social science,1
1815,advances in mathematical physics,1
1816,souls,1
1817,chaos,1
1818,journal of british studies,1
1819,ambio,1
1820,dix-neuf,1
1821,journal of modern chinese history,1
1822,journal of consumer behaviour,1
1823,vestnik sankt-peterburgskogo universiteta seriya 10 prikladnaya matematika informatika protsessy upravleniya,1
1824,ajar-african journal of aids research,1
1825,journal of statistics & management systems,1
1826,journal of southeast asian studies,1
1827,journal of nonlinear science,1
1828,academy of management review,1
1829,comparative studies in society and history,1
1830,canadian slavonic papers,1
1831,asian studies review,1
1832,journal of latin american cultural studies,1
1833,impact assessment and project appraisal,1
1834,anziam journal,1
1835,negotiation journal,1
1836,ajalooline ajakiri-the estonian historical journal,1
1837,journal of modern african studies,1
1838,central european journal of operations research,1
1839,social science research,1
1840,acta physica polonica b,1
1841,acta historica tallinnensia,1
1842,ethnohistory,1
1843,palgrave communications,1
1844,journal of contemporary asia,1
1845,magallania,1
1846,psychology society & education,1
1847,accounting and finance,1
1848,organizational behavior and human decision processes,1
1849,journal of advanced computational intelligence and intelligent informatics,1
1850,istoriya-elektronnyi nauchno-obrazovatelnyi zhurnal,1
1851,mis quarterly,1
1852,international journal of interactive multimedia and artificial intelligence,1
1853,latino studies,1
1854,rethinking history,1
1855,tropical medicine & international health,1
1856,annales medico-psychologiques,1
1857,linguistica y literatura,1
1858,european journal of work and organizational psychology,1
1859,bresil-s,1
1860,early science and medicine,1
1861,jewish social studies,1
1862,european journal for sport and society,1
1863,journal of medieval iberian studies,1
1864,physica scripta,1
1865,polish journal of management studies,1
1866,journal of eastern african studies,1
1867,gender place and culture,1
1868,ieee communications letters,1
1869,journal of modern power systems and clean energy,1
1870,security dialogue,1
1871,malaria journal,1
1872,anthropological quarterly,1
1873,proceedings of the royal society b-biological sciences,1
1874,south asia-journal of south asian studies,1
1875,applied system innovation,1
1876,revista de historia-sao paulo,1
1877,american anthropologist,1
1878,international journal of bifurcation and chaos,1
1879,journal of religion in africa,1
1880,canadian journal of african studies,1
1881,history compass,1
1882,mathematical social sciences,1
1883,social identities,1
1884,journal of mathematical sociology,1
1885,china quarterly,1
1886,axioms,1
1887,resources policy,1
1888,journal of social and political psychology,1
1889,international journal of selection and assessment,1
1890,fronteras de la historia,1
1891,confins-revue franco-bresilienne de geographie-revista franco-brasileira de geografia,1
1892,applied economics letters,1
1893,health information and libraries journal,1
1894,random structures & algorithms,1
1895,history and anthropology,1
1896,european journal of marketing,1
1897,computational & applied mathematics,1
1898,work and occupations,1
1899,bmc public health,1
1900,neohelicon,1
1901,international journal of e-collaboration,1
1902,international journal of e-business research,1
1903,scientometrics,1
1904,journal of zhejiang university-science c-computers & electronics,1
1905,societes,1
1906,perifrasis-revista de literatura teoria y critica,1
1907,sadhana-academy proceedings in engineering sciences,1
1908,informs journal on computing,1
1909,yazyk i kultura-language and culture,1
1910,advances in complex systems,1
1911,journal of ict research and applications,1
1912,journal of management science and engineering,1
1913,information resources management journal,1
1914,journal of electrical engineering & technology,1
1915,journal of material culture,1
1916,frontiers of computer science,1
1917,international journal of engineering research in africa,1
1918,journal of qualitative research in education-egitimde nitel arastirmalar dergisi,1
1919,ieice transactions on fundamentals of electronics communications and computer sciences,1
1920,telecommunication systems,1
1921,economic research-ekonomska istrazivanja,1
1922,international journal of pattern recognition and artificial intelligence,1
1923,research policy,1
1924,ieee transactions on information theory,1
1925,international journal of web services research,1
1926,language matters,1
1927,acm transactions on algorithms,1
1928,orvosi hetilap,1
1929,crime science,1
1930,sigma journal of engineering and natural sciences-sigma muhendislik ve fen bilimleri dergisi,1
1931,international journal of digital earth,1
1932,international journal of nonlinear analysis and applications,1
1933,intelligent data analysis,1
1934,international journal of intelligent information technologies,1
1935,analytical science and technology,1
1936,journal of computer information systems,1
1937,compel-the international journal for computation and mathematics in electrical and electronic engineering,1
1938,connection science,1
1939,ieee transactions on computers,1
1940,international journal of applied metaheuristic computing,1
1941,robotics,1
1942,journal of behavioral finance,1
1943,cybernetics and information technologies,1
1944,marketing intelligence & planning,1
1945,evolutionary human sciences,1
1946,infor,1
1947,international journal of uncertainty fuzziness and knowledge-based systems,1
1948,journal of data and information science,1
1949,young consumers,1
1950,chemie in unserer zeit,1
1951,journal of intelligent information systems,1
1952,trabajo social,1
1953,indian journal of pure & applied mathematics,1
1954,international journal of digital crime and forensics,1
1955,international journal of software innovation,1
1956,trends in organized crime,1
1957,diogenes,1
1958,annals of corporate governance,1
1959,historicka sociologie,1
1960,english academy review-southern african journal of english studies,1
1961,international journal of systems science,1
1962,hahr-hispanic american historical review,1
1963,medical anthropology quarterly,1
1964,french historical studies,1
1965,luso-brazilian review,1
1966,modern china,1
1967,journal of negative results in biomedicine,1
1968,softwarex,1
1969,journal of applied psychology,1
1970,international critical thought,1
1971,journal of general management,1
1972,acta koreana,1
1973,ergonomics,1
1974,international journal of technology and human interaction,1
1975,international journal of knowledge and systems science,1
1976,international journal of data mining modelling and management,1
1977,discrete mathematics algorithms and applications,1
1978,siam journal on applied mathematics,1
1979,china communications,1
1980,acm sigcomm computer communication review,1
1981,information retrieval journal,1
1982,culture and organization,1
1983,historia e cultura,1
1984,international journal of engineering,1
1985,facta universitatis-series electronics and energetics,1
1986,international journal of cooperative information systems,1
1987,international journal of astrobiology,1
1988,mathematical sciences,1
1989,pattern recognition,1
1990,citizenship studies,1
1991,solid state nuclear magnetic resonance,1
1992,international journal of computational intelligence and applications,1
1993,calle 14-revista de investigacion en el campo del arte,1
1994,emerging markets finance and trade,1
1995,bulletin of latin american research,1
1996,adcaij-advances in distributed computing and artificial intelligence journal,1
1997,culture & psychology,1
1998,endocrine metabolic & immune disorders-drug targets,1
1999,turczaninowia,1
2000,vacunas,1
2001,journal of transport & health,1
2002,brain research bulletin,1
2003,annals of emergency medicine,1
2004,biomedicine & pharmacotherapy,1
2005,reproductive biomedicine online,1
2006,bioethics update,1
2007,tomsk state university journal,1
2008,pain management nursing,1
2009,journal of the formosan medical association,1
2010,psicologica,1
2011,solar energy,1
2012,transportation research part a-policy and practice,1
2013,journal of behavioral medicine,1
2014,information technology and libraries,1
2015,international orthodontics,1
2016,journal of veterinary behavior,1
2017,sustainable operations and computers,1
2018,explore,1
2019,toxicon: x,1
2020,international journal of surgery,1
2021,journal of behavioral and experimental economics,1
2022,ageing research reviews,1
2023,foot and ankle surgery,1
2024,journal of applied journalism & media studies,1
2025,revista brasileira de estudos politicos,1
2026,journal of food protection,1
2027,economics of education review,1
2028,mirovaya ekonomika i mezhdunarodnye otnosheniya,1
2029,contraception: x,1
2030,internet technology letters,1
2031,"journal of stomatology, oral and maxillofacial surgery",1
2032,seminars in oncology nursing,1
2033,progrès en urologie,1
2034,the american journal of emergency medicine,1
2035,comptes rendus geoscience,1
2036,international journal of technologies in higher education,1
2037,nurse education today,1
2038,interdisciplinary neurosurgery,1
2039,osteoarthritis and cartilage,1
2040,revue d epidemiologie et de sante publique,1
2041,primary care diabetes,1
2042,international journal of system assurance engineering and management,1
2043,digital library perspectives,1
2044,urban governance,1
2045,journal of the american academy of dermatology,1
2046,current problems in pediatric and adolescent health care,1
2047,journal of clinical lipidology,1
2048,journal of big data,1
2049,simbiotica,1
2050,indian heart journal,1
2051,the american journal of surgery,1
2052,european review of applied psychology-revue europeenne de psychologie appliquee,1
2053,family court review,1
2054,communication and critical-cultural studies,1
2055,intelligent medicine,1
2056,european journal of psychotraumatology,1
2057,pharmacy education,1
2058,journals of gerontology series b-psychological sciences and social sciences,1
2059,surgery (oxford),1
2060,pacific-basin finance journal,1
2061,health psychology,1
2062,clinical therapeutics,1
2063,médecine et maladies infectieuses,1
2064,political quarterly,1
2065,"engineering science and technology, an international journal",1
2066,lithos,1
2067,earth-science reviews,1
2068,systematic reviews,1
2069,cognition & emotion,1
2070,network security,1
2071,future computing and informatics journal,1
2072,machine learning with applications,1
2073,software impacts,1
2074,communication studies,1
2075,journal of surgical education,1
2076,public finance review,1
2077,system,1
2078,journal of minimally invasive gynecology,1
2079,journal of american association for pediatric ophthalmology and strabismus,1
2080,computers & industrial engineering,1
2081,international journal of osteopathic medicine,1
2082,l'encéphale,1
2083,gragoata-uff,1
2084,complementary therapies in medicine,1
2085,journal of clinical epidemiology,1
2086,animal behaviour,1
2087,journal of reproductive immunology,1
2088,documentation et bibliotheques,1
2089,computational and mathematical methods in medicine,1
2090,oral oncology,1
2091,european urology focus,1
2092,the lancet regional health - southeast asia,1
2093,jnp-journal for nurse practitioners,1
2094,american journal of psychology,1
2095,experimental psychology,1
2096,saudi pharmaceutical journal,1
2097,psychological science in the public interest,1
2098,anuario de psicología jurídica,1
2099,journal of fluency disorders,1
2100,asia pacific media educator,1
2101,gynecologic oncology,1
2102,iet information security,1
2103,journal of voice,1
2104,applied energy,1
2105,evaluation and program planning,1
2106,computers in industry,1
2107,fertility and sterility,1
2108,allergologia et immunopathologia,1
2109,social history,1
2110,global health journal,1
2111,communication and the public,1
2112,results in physics,1
2113,journal of current southeast asian affairs,1
2114,cuadernos de documentacion multimedia,1
2115,neuroscience & biobehavioral reviews,1
2116,journal of geriatric oncology,1
2117,jurnal ilmiah peuradeun,1
2118,culture education,1
2119,noesis-revista de ciencias sociales,1
2120,the lancet psychiatry,1
2121,management research review,1
2122,obets-revista de ciencias sociales,1
2123,canadian journal of cardiology,1
2124,revista on line de politica e gestao educacional,1
2125,resuscitation,1
2126,public library quarterly,1
2127,biomass and bioenergy,1
2128,"seminars in ultrasound, ct and mri",1
2129,current research in behavioral sciences,1
2130,international dairy journal,1
2131,"oral surgery, oral medicine, oral pathology and oral radiology",1
2132,genetics in medicine,1
2133,journal of pediatric urology,1
2134,anais da academia brasileira de ciencias,1
2135,food research international,1
2136,annales pharmaceutiques françaises,1
2137,contemporary clinical trials communications,1
2138,space policy,1
2139,index comunicacion,1
2140,journal of global information management,1
2141,galactica media-journal of media studies - galaktika media-zhurnal media issledovanij,1
2142,international journal of information technology and web engineering,1
2143,data base for advances in information systems,1
2144,process safety and environmental protection,1
2145,european journal of risk regulation,1
2146,ergo-an open access journal of philosophy,1
2147,aquaculture,1
2148,"resources, conservation and recycling",1
2149,kidney international,1
2150,journal of oral and maxillofacial surgery,1
2151,insight turkey,1
2152,journal of the american medical directors association,1
2153,the journal of sexual medicine,1
2154,international journal of nursing studies,1
2155,accident analysis & prevention,1
2156,the lancet regional health - western pacific,1
2157,journal of comparative economics,1
2158,journal of hospital infection,1
2159,informatics in medicine unlocked,1
2160,international journal of ambient computing and intelligence,1
2161,marine policy,1
2162,studies in history and philosophy of science part c: studies in history and philosophy of biological and biomedical sciences,1
2163,global policy,1
2164,psychosomatics,1
2165,revista cuidarte,1
2166,food quality and preference,1
2167,climate risk management,1
2168,revue internationale de philosophie,1
2169,annals of global health,1
2170,studies in educational evaluation,1
2171,information and learning sciences,1
2172,journal for nature conservation,1
2173,cell reports,1
2174,aib studi,1
2175,journal of the american college of cardiology,1
2176,communication research reports,1
2177,nurse education in practice,1
2178,nursing for women's health,1
2179,journal of marketing analytics,1
2180,advances in medical sciences,1
2181,the lancet child & adolescent health,1
2182,studies in history and philosophy of science,1
2183,radiography,1
2184,animal,1
2185,journal of the association for vascular access,1
2186,indonesia and the malay world,1
2187,renewable and sustainable energy reviews,1
2188,tijdschrift voor geschiedenis,1
2189,european journal of english studies,1
2190,contextos educativos-revista de educacion,1
2191,human rights law review,1
2192,aggression and violent behavior,1
2193,revista tecnologia e sociedade,1
2194,mathematics and computers in simulation,1
2195,journal of human evolution,1
2196,journal of computer and system sciences,1
2197,array,1
2198,eating behaviors,1
2199,global transitions proceedings,1
2200,orbis,1
2201,res publica-a journal of moral legal and political philosophy,1
2202,journal of the experimental analysis of behavior,1
2203,poultry science,1
2204,journal of intercultural studies,1
2205,chinese semiotic studies,1
2206,ksu tarim ve doga dergisi-ksu journal of agriculture and nature,1
2207,philosophy today,1
2208,materials research bulletin,1
2209,journal of polymer science part a-polymer chemistry,1
2210,revue d anthropologie des connaissances,1
2211,information & culture,1
2212,trauma und berufskrankheit,1
2213,international journal for the semiotics of law-revue internationale de semiotique juridique,1
2214,substance use & misuse,1
2215,marine pollution bulletin,1
2216,social science information sur les sciences sociales,1
2217,egyptian rheumatologist,1
2218,chemelectrochem,1
2219,bottom line,1
2220,materials letters,1
2221,reviews on recent clinical trials,1
2222,international journal of social research methodology,1
2223,current pharmaceutical design,1
2224,journal for multicultural education,1
2225,materials science and engineering a-structural materials properties microstructure and processing,1
2226,south african journal of botany,1
2227,efort open reviews,1
2228,fisheries,1
2229,taxon,1
2230,archives of bone and joint surgery-abjs,1
2231,journal of the operational research society,1
2232,open geosciences,1
2233,icon-international journal of constitutional law,1
2234,journal of saudi chemical society,1
2235,progress in oceanography,1
2236,european journal of womens studies,1
2237,nanoscale,1
2238,developmental and comparative immunology,1
2239,educational and psychological measurement,1
2240,archives of cardiovascular diseases,1
2241,current medicinal chemistry,1
2242,journal of process control,1
2243,environmental biology of fishes,1
2244,fisheries management and ecology,1
2245,chemical engineering science,1
2246,advanced drug delivery reviews,1
2247,biotechnology and bioengineering,1
2248,flora,1
2249,journal of cell biology,1
2250,archiv fur molluskenkunde,1
2251,eurointervention,1
2252,aktuelle rheumatologie,1
2253,international review of economics & finance,1
2254,international journal of science education part b-communication and public engagement,1
2255,ecological modelling,1
2256,brazilian journal of physical therapy,1
2257,drug discovery today,1
2258,social indicators research,1
2259,brazilian journal of biology,1
2260,automatic control and computer sciences,1
2261,women-a cultural review,1
2262,journal of applied physics,1
2263,cell,1
2264,journal of patient experience,1
2265,journal of geophysical research-atmospheres,1
2266,journal of bacteriology,1
2267,american journal of cultural sociology,1
2268,journal of the marine biological association of the united kingdom,1
2269,triplec-communication capitalism & critique,1
2270,tdr-the drama review-the journal of performance studies,1
2271,ethics and information technology,1
2272,indian journal of gender studies,1
2273,international journal of market research,1
2274,philological class,1
2275,plant disease,1
2276,iise transactions,1
2277,american journal of nursing,1
2278,biological & pharmaceutical bulletin,1
2279,bell labs technical journal,1
2280,revista digital de derecho administrativo,1
2281,cultural studies-critical methodologies,1
2282,prooftexts-a journal of jewish literary history,1
2283,trends in plant science,1
2284,cancer discovery,1
2285,journal of freshwater ecology,1
2286,russian meteorology and hydrology,1
2287,american journal of emergency medicine,1
2288,clinical toxicology,1
2289,journal of the indian society of remote sensing,1
2290,strategic behavior and the environment,1
2291,mediterranean marine science,1
2292,narrative culture,1
2293,journal of the american chemical society,1
2294,technology and innovation,1
2295,japanese journal of political science,1
2296,nj-drama australia journal,1
2297,journal of general internal medicine,1
2298,electroanalysis,1
2299,biological conservation,1
2300,journal of lipid research,1
2301,eksperimentalnaya psikhologiya,1
2302,african journal of marine science,1
2303,european psychiatry,1
2304,elt journal,1
2305,bmj-british medical journal,1
2306,ieee software,1
2307,ieee intelligent systems,1
2308,current oncology,1
2309,ieee signal processing magazine,1
2310,litteratures,1
2311,nature energy,1
2312,journal of contemporary medical sciences,1
2313,future oncology,1
2314,journal of physiology-london,1
2315,boundary 2-an international journal of literature and culture,1
2316,journal of nervous and mental disease,1
2317,argumentation et analyse du discours,1
2318,international journal of sexual health,1
2319,british medical journal,1
2320,journal der deutschen dermatologischen gesellschaft,1
2321,scandinavian cardiovascular journal,1
2322,revista del cuerpo medico del hospital nacional almanzor aguinaga asenjo,1
2323,journal of democracy,1
2324,ieee security & privacy,1
2325,bjpsych open,1
2326,index on censorship,1
2327,peptides,1
2328,turkiye iletisim arastirmalari dergisi-turkish review of communication studies,1
2329,annual review of psychology,1
2330,atherosclerosis supplements,1
2331,trends in molecular medicine,1
2332,review of international political economy,1
2333,animal cognition,1
2334,gaceta sanitaria,1
2335,journal of biomedical informatics,1
2336,the american journal of the medical sciences,1
2337,interactive journal of medical research,1
2338,peerj,1
2339,communication theory,1
2340,journal of contextual behavioral science,1
2341,canadian journal of behavioural science-revue canadienne des sciences du comportement,1
2342,trends in parasitology,1
2343,ieee transactions on professional communication,1
2344,international journal of emergency services,1
2345,scandinavian studies,1
2346,journal of contemporary religion,1
2347,teorija in praksa,1
2348,psychiatry psychology and law,1
2349,applied geography,1
2350,science education,1
2351,developmental biology,1
2352,journal of biomedical materials research part b-applied biomaterials,1
2353,chemical engineering journal,1
2354,clinical social work and health intervention,1
2355,colloids and surfaces a-physicochemical and engineering aspects,1
2356,journalism & mass communication quarterly,1
2357,human communication research,1
2358,journal of asia-pacific entomology,1
2359,journal of coastal research,1
2360,molecular oncology,1
2361,italian journal of geosciences,1
2362,intersections-east european journal of society and politics,1
2363,recerca-revista de pensament & analisi,1
2364,journal of perinatology,1
2365,philosophical transactions of the royal society b-biological sciences,1
2366,animal bioscience,1
2367,clinical journal of pain,1
2368,legal studies,1
2369,chinese optics,1
2370,gema online journal of language studies,1
2371,beilstein journal of nanotechnology,1
2372,jmir human factors,1
2373,journal of physical chemistry c,1
2374,psychoneuroendocrinology,1
2375,engineering structures,1
2376,safundi-the journal of south african and american studies,1
2377,behaviour research and therapy,1
2378,journal of analytical and applied pyrolysis,1
2379,journal of forensic psychology practice,1
2380,cortex,1
2381,frontiers in forests and global change,1
2382,journal of colloid and interface science,1
2383,hydrobiologia,1
2384,journal of applied geophysics,1
2385,international medical case reports journal,1
2386,journal of rehabilitation medicine,1
2387,botanical journal of the linnean society,1
2388,history and philosophy of the life sciences,1
2389,journal of hydrology,1
2390,materials science and engineering b-advanced functional solid-state materials,1
2391,seminars in dialysis,1
2392,european physical journal c,1
2393,risk management and healthcare policy,1
2394,world journal of meta-analysis,1
2395,journal of environmental and engineering geophysics,1
2396,matter,1
2397,food and chemical toxicology,1
2398,frontiers in marine science,1
2399,applied materials today,1
2400,journal of social philosophy,1
